16198;Nicole;Daniels;1980-07-01
6063;Lisa;Escobar;1970-05-10
9109;Amy;Hendrix;1975-05-04
10341;Julie;Barnes;1967-11-22
28444;Lynn;Hernandez;1985-07-30
43979;Natalie;Davis;1974-07-29
19823;Deborah;Lozano;2007-01-31
32437;Craig;Adams;2004-04-10
32400;Catherine;Cameron;1997-10-19
24759;Kyle;Rubio;1967-02-13
86294;Christina;Ortiz;2006-08-17
24506;David;Ritter;1975-08-31
23793;Paula;Watkins;1944-05-23
27128;Christopher;Duncan;1969-04-22
82405;Sharon;Johnson;1987-10-05
74508;Laura;Sanchez;1993-01-18
17914;Carlos;Fisher;1959-05-22
15951;William;Miller;1956-11-13
43548;Julia;Vance;1966-04-13
46254;Keith;Fitzgerald;1966-04-04
43132;Kurt;Newton;1964-03-29
92733;Eric;Lee;1996-07-15
2777;Kevin;Schultz;1974-11-02
31078;Isaiah;Fisher;1974-04-08
53270;Scott;Holloway;1968-09-11
65213;Emily;Faulkner;1953-07-03
47923;Kimberly;Rodriguez;1956-03-15
83113;Todd;Gentry;1994-03-14
49210;Robert;Mcguire;2001-02-11
6061;Corey;Clark;1977-07-05
24597;Micheal;Burns;1969-07-22
32175;Cheryl;Singh;1947-12-17
34648;Larry;Hansen;1957-08-14
43360;Caroline;Sawyer;1984-05-01
84323;Joshua;Freeman;1949-10-13
74451;Paul;Rodriguez;1946-10-21
64663;Manuel;Howard;1967-03-01
48044;Arthur;Kelley;2001-06-25
23212;Alexandra;Prince;1997-12-14
39244;Thomas;Hays;1982-12-13
51148;Dustin;Richardson;1972-01-26
94792;Gregory;Jackson;1954-06-19
24895;Felicia;Sanchez;1947-07-31
88020;Ronald;Avila;1952-05-07
33339;Matthew;Lewis;1972-07-21
21876;John;Jackson;1987-06-21
75154;Christina;Brandt;1947-12-28
44451;Cassie;Morris;1944-06-25
61345;Jeremy;Stewart;1958-11-08
74833;Douglas;Flores;1986-06-18
